[{"Id":"1","NomeProduto":"1_Feijão","Preco":200.0},{"Id":"2","NomeProduto":"2_Feijão","Preco":200.0},{"Id":"3","NomeProduto":"3_Feijão","Preco":200.0},{"Id":"4","NomeProduto":"4_Feijão","Preco":200.0},{"Id":"5","NomeProduto":"5_Feijão","Preco":200.0},{"Id":"6","NomeProduto":"6_Feijão","Preco":200.0},{"Id":"7","NomeProduto":"7_Feijão","Preco":200.0},{"Id":"8","NomeProduto":"8_Feijão","Preco":200.0},{"Id":"9","NomeProduto":"9_Feijão","Preco":200.0},{"Id":"10","NomeProduto":"10_Feijão","Preco":200.0},{"Id":"11","NomeProduto":"11_Feijão","Preco":200.0},{"Id":"12","NomeProduto":"12_Feijão","Preco":200.0},{"Id":"13","NomeProduto":"13_Feijão","Preco":200.0},{"Id":"14","NomeProduto":"14_Feijão","Preco":200.0},{"Id":"15","NomeProduto":"15_Feijão","Preco":200.0},{"Id":"16","NomeProduto":"16_Feijão","Preco":200.0},{"Id":"17","NomeProduto":"17_Feijão","Preco":200.0},{"Id":"18","NomeProduto":"18_Feijão","Preco":200.0},{"Id":"19","NomeProduto":"19_Feijão","Preco":200.0},{"Id":"20","NomeProduto":"20_Feijão","Preco":200.0}]